715,2,Tsinghua University,,t,,10,"March 17, 2023",China
716,2,Beijing University,,t,,10,"March 17, 2023",China
717,2,Zhejiang University,,t,,8,"March 17, 2023",China
718,2,Shanghai Jiaotong University,,t,,8,"March 17, 2023",China
719,2,Fudan University,,t,,8,"March 17, 2023",China
720,2,Nanjing University,,t,,8,"March 17, 2023",China
721,2,University of Science and Technology of China,,t,,8,"March 17, 2023",China
722,2,Huazhong University of Science and Technology,,t,,6,"March 17, 2023",China
723,2,Wuhan University,,t,,6,"March 17, 2023",China
724,2,East China Normal University,,t,,5,"March 17, 2023",China
725,2,University of Electronic Science and Technology,,t,,5,"March 17, 2023",China
726,2,Xi'an Jiaotong University,,t,,5,"March 17, 2023",China
727,2,Sichuan University,,t,,5,"March 17, 2023",China
728,2,Sun Yat-sen University,,t,,5,"March 17, 2023",China
729,2,Harbin Institute of Technology,,t,,5,"March 17, 2023",China
730,2,Tongji University,,t,,6,"March 17, 2023",China
731,2,Beihang University,,t,,6,"March 17, 2023",China
732,2,Southeast University,,t,,5,"March 17, 2023",China
733,2,Beijing Normal University,,t,,5,"March 17, 2023",China
734,2,Beijing Institute of Technology,,t,,5,"March 17, 2023",China
735,2,Renmin University of China,,t,,5,"March 17, 2023",China
736,2,Nankai University,,t,,5,"March 17, 2023",China
737,2,Tianjin University,,t,,5,"March 17, 2023",China
738,2,Peking Union Medical College,,t,,3,"March 17, 2023",China
739,2,Shan Dong University,,t,,4,"March 17, 2023",China
740,2,central south university,,t,,5,"March 17, 2023",China
741,2,Northwestern Polytechnical University,,t,,5,"March 17, 2023",China
742,2,South China University of Technology,,t,,5,"March 17, 2023",China
743,2,Xiamen University,,t,,5,"March 17, 2023",China
744,2,Jilin University,,t,,3,"March 17, 2023",China
745,2,China Agricultural University,,t,,3,"March 17, 2023",China
746,2,Shanghai University of Finance and Economics,,t,,5,"March 17, 2023",China
747,2,Hunan University,,t,,2,"March 17, 2023",China
748,2,Nanjing University of Science and Technology,,t,,2,"March 17, 2023",China
749,2,Chongqing University,,t,,4,"March 17, 2023",China
750,2,Southern University of Science and Technology,,t,,2,"March 17, 2023",China
751,2,Beijing University of Science and Technology,,t,,2,"March 17, 2023",China
752,2,Nanjing University of Aeronautics and Astronautics,,t,,2,"March 17, 2023",China
753,2,Lanzhou University,,t,,3,"March 17, 2023",China
754,2,Northeastern University,,t,,3,"March 17, 2023",China
755,2,Beijing Jiaotong University,,t,,2,"March 17, 2023",China
756,2,Beijing University of Science and Technology,,t,,0,"March 17, 2023",China
757,2,Beijing University of Chemical Technology,,t,,0,"March 17, 2023",China
758,2,Beijing University of Posts and Telecommunications,,t,,2,"March 17, 2023",China
759,2,Beijing Forestry University,,t,,0,"March 17, 2023",China
760,2,Beijing University of Chinese Medicine,,t,,0,"March 17, 2023",China
761,2,Communication University of China,,t,,0,"March 17, 2023",China
762,2,Central University of Finance and Economics,,t,,1,"March 17, 2023",China
763,2,China University of Political Science and Law,,t,,2,"March 17, 2023",China
764,2,North China Electric Power University,,t,,0,"March 17, 2023",China
765,2,Northeast Normal University,,t,,0,"March 17, 2023",China
766,2,Northeast Forestry University,,t,,0,"March 17, 2023",China
767,2,East China University of Science and Technology,,t,,1,"March 17, 2023",China
768,2,Nanjing University of Aeronautics and Astronautics,,t,,0,"March 17, 2023",China
769,2,Nanjing University of Science and Technology,,t,,0,"March 17, 2023",China
770,2,China University of Mining,,t,,0,"March 17, 2023",China
771,2,He Hai University,,t,,0,"March 17, 2023",China
772,2,Jiangnan University,,t,,0,"March 17, 2023",China
773,2,Nanjing Agricultural College,,t,,0,"March 17, 2023",China
774,2,China Pharmaceutical University,,t,,0,"March 17, 2023",China
775,2,Hefei University of Technology,,t,,0,"March 17, 2023",China
776,2,Wuhan University of Technology,,t,,0,"March 17, 2023",China
777,2,Huazhong Agricultural University,,t,,0,"March 17, 2023",China
778,2,Huazhong Normal University,,t,,0,"March 17, 2023",China
779,2,Zhongnan University of Economics and Law,,t,,1,"March 17, 2023",China
780,2,Jinan University,,t,,0,"March 17, 2023",China
781,2,Southwest Jiaotong University,,t,,0,"March 17, 2023",China
782,2,Southwestern University of Finance and Economics,,t,,0,"March 17, 2023",China
783,2,Southwest University,,t,,0,"March 17, 2023",China
784,2,Xidian University,,t,,0,"March 17, 2023",China
785,2,Changan University,,t,,0,"March 17, 2023",China
786,2,Shaanxi Normal University,,t,,0,"March 17, 2023",China
787,2,China Petroleum University,,t,,0,"March 17, 2023",China
788,2,China University of Geosciences,,t,,0,"March 17, 2023",China
789,2,Harbin Engineering University,,t,,0,"March 17, 2023",China
790,2,Beijing foreign language university,,t,,-1,"March 17, 2023",China
791,2,Foreign Economic and Trade University,,t,,-1,"March 17, 2023",China
792,2,Beijing Sport University,,t,,-1,"March 17, 2023",China
793,2,Central Conservatory of Music,,t,,-1,"March 17, 2023",China
794,2,Dalian Maritime University,,t,,-1,"March 17, 2023",China
795,2,Donghua University,,t,,-1,"March 17, 2023",China
796,2,Shanghai International Studies University,,t,,-1,"March 17, 2023",China
797,2,Second Military Medical University,,t,,-1,"March 17, 2023",China
798,2,Fourth Military Medical University,,t,,-1,"March 17, 2023",China
799,2,Beijing industry university,,t,,-2,"March 17, 2023",China
800,2,Tianjin Medical University,,t,,-2,"March 17, 2023",China
801,2,Hebei University of Technology,,t,,-2,"March 17, 2023",China
802,2,Taiyuan University of Technology,,t,,-2,"March 17, 2023",China
803,2,Mongolian university,,t,,-2,"March 17, 2023",China
804,2,Liaoning University,,t,,-2,"March 17, 2023",China
805,2,Yanbian University,,t,,-2,"March 17, 2023",China
806,2,Northeast Agricultural University,,t,,-2,"March 17, 2023",China
807,2,Shanghai University,,t,,-2,"March 17, 2023",China
808,2,Suzhou University,,t,,-2,"March 17, 2023",China
809,2,Nanjing Normal University,,t,,-2,"March 17, 2023",China
810,2,Anhui University,,t,,-2,"March 17, 2023",China
811,2,Fuzhou University,,t,,-2,"March 17, 2023",China
812,2,Zhengzhou University,,t,,-2,"March 17, 2023",China
813,2,Hunan Normal University,,t,,-2,"March 17, 2023",China
814,2,South China Normal University,,t,,-2,"March 17, 2023",China
815,2,Guangxi University,,t,,-2,"March 17, 2023",China
816,2,Sichuan Agricultural University,,t,,-2,"March 17, 2023",China
817,2,Guizhou University,,t,,-2,"March 17, 2023",China
818,2,Yunnan University,,t,,-2,"March 17, 2023",China
819,2,Northwest University,,t,,-2,"March 17, 2023",China
820,2,Xinjiang University,,t,,-2,"March 17, 2023",China
821,2,Hainan Univeristy,,t,,-3,"March 17, 2023",China
822,2,Qinghai University,,t,,-3,"March 17, 2023",China
823,2,Ningxia University,,t,,-3,"March 17, 2023",China
824,2,Shihezi University,,t,,-3,"March 17, 2023",China
825,2,Tibet University,,t,,-3,"March 17, 2023",China
826,2,Nanjing University of Posts and Telecommunications,,t,,-4,"March 17, 2023",China
827,2,Capital Normal University,,t,,-4,"March 17, 2023",China
828,2,Nanjing Medical University,,t,,-4,"March 17, 2023",China
829,2,People's Public Security University of China,,t,,-4,"March 17, 2023",China
830,2,Guangzhou Medical University,,t,,-4,"March 17, 2023",China
831,2,Nanjing University of Information Science and Technology,,t,,-4,"March 17, 2023",China
832,2,Ningbo University,,t,,-4,"March 17, 2023",China
833,2,Guangzhou University of Chinese Medicine,,t,,-4,"March 17, 2023",China
834,2,Nanjing University of Chinese Medicine,,t,,-4,"March 17, 2023",China
835,2,Chengdu University of Technology,,t,,-4,"March 17, 2023",China
836,2,Tianjin Polytechnic University,,t,,-4,"March 17, 2023",China
837,2,Shanghai Ocean University,,t,,-4,"March 17, 2023",China
838,2,Nanjing Forestry University,,t,,-4,"March 17, 2023",China
839,2,South China Agricultural University,,t,,-4,"March 17, 2023",China
840,2,Henan University,,t,,-4,"March 17, 2023",China
841,2,Tianjin University of Traditional Chinese Medicine,,t,,-4,"March 17, 2023",China
842,2,Southwest Petroleum University,,t,,-4,"March 17, 2023",China
843,2,Xiangtan University,,t,,-4,"March 17, 2023",China
844,2,Shanxi University,,t,,-4,"March 17, 2023",China
845,2,Chengdu University of Traditional Chinese Medicine,,t,,-4,"March 17, 2023",China
846,2,Capital Medical University,,t,,-4,"March 17, 2023",China
847,2,Shenzhen University,,t,,-4,"March 17, 2023",China
848,2,East China University of Political Science and Law,,t,,-5,"March 17, 2023",China
849,2,Southern Medical University,,t,,-5,"March 17, 2023",China
850,2,Southwest University of Political Science and Law,,t,,-5,"March 17, 2023",China
851,2,Tianjin University of Finance and Economics,,t,,-5,"March 17, 2023",China
852,2,Hangzhou University of Electronic Science and Technology,,t,,-5,"March 17, 2023",China
853,2,Chongqing Medical University,,t,,-5,"March 17, 2023",China
854,2,Capital University of Economics,,t,,-5,"March 17, 2023",China
855,2,Dongbei University of Finance and Economics,,t,,-5,"March 17, 2023",China
856,2,Shanxi Medical University,,t,,-5,"March 17, 2023",China
857,2,Northwest University of Political Science and Law,,t,,-5,"March 17, 2023",China
858,2,Chinese Medical University,,t,,-5,"March 17, 2023",China
859,2,University of Shanghai for Science and Technology,,t,,-5,"March 17, 2023",China
860,2,Nanjing Audit University,,t,,-5,"March 17, 2023",China
861,2,Shanghai University of International Business and Economics,,t,,-5,"March 17, 2023",China
862,2,GuangZhou University,,t,,-5,"March 17, 2023",China
863,2,Chongqing University of Posts and Telecommunications,,t,,-5,"March 17, 2023",China
864,2,Guangdong University of Foreign Studies,,t,,-5,"March 17, 2023",China
865,2,Hebei Medical University,,t,,-5,"March 17, 2023",China
866,2,Dalian Medical University,,t,,-5,"March 17, 2023",China
867,2,Guangdong University of Technology,,t,,-5,"March 17, 2023",China
868,2,Zhejiang Sci-Tech University,,t,,-5,"March 17, 2023",China
869,2,Nanjing University of Finance and Economics,,t,,-5,"March 17, 2023",China
870,2,Zhejiang University of Finance and Economics,,t,,-5,"March 17, 2023",China
871,2,Jiangxi University of Finance and Economics,,t,,-5,"March 17, 2023",China
872,2,Zhejiang University of Technology,,t,,-5,"March 17, 2023",China
873,2,Guangxi Medical University,,t,,-5,"March 17, 2023",China
874,2,Kunming Medical University,,t,,-5,"March 17, 2023",China
875,2,Beijing Language and Culture University,,t,,-5,"March 17, 2023",China
876,2,North China University of Technology,,t,,-5,"March 17, 2023",China
877,2,Harbin Medical University,,t,,-5,"March 17, 2023",China
878,2,Wuhan University of Science and Technology,,t,,-5,"March 17, 2023",China
879,2,Jiangsu University,,t,,-5,"March 17, 2023",China
880,2,Nanjing University of Technology,,t,,-5,"March 17, 2023",China
881,2,Shanghai Electric Power University,,t,,-5,"March 17, 2023",China
882,2,Shanghai Maritime University,,t,,-5,"March 17, 2023",China
883,2,Shantou University,,t,,-5,"March 17, 2023",China
884,2,Yanshan University,,t,,-5,"March 17, 2023",China
885,2,Xi'an International Studies University,,t,,-5,"March 17, 2023",China
886,2,Beijing Technology and Business University,,t,,-5,"March 17, 2023",China
887,2,Hubei University,,t,,-5,"March 17, 2023",China
888,2,Fujian University of Medicine,,t,,-5,"March 17, 2023",China
889,2,Yangzhou University,,t,,-5,"March 17, 2023",China
890,2,Zhejiang Normal University,,t,,-5,"March 17, 2023",China
891,2,Beijing University of Civil Engineering and Architecture,,t,,-5,"March 17, 2023",China
892,2,Xuzhou Medical University,,t,,-5,"March 17, 2023",China
893,2,Qingdao University,,t,,-5,"March 17, 2023",China
894,2,Shandong Normal University,,t,,-5,"March 17, 2023",China
895,2,Chongqing Jiaotong University,,t,,-5,"March 17, 2023",China
896,2,Huaqiao University,,t,,-5,"March 17, 2023",China
897,2,Shanghai University of Political Science and Law,,t,,-5,"March 17, 2023",China
898,2,Tianjin Normal University,,t,,-5,"March 17, 2023",China
899,2,Dalian Foreign Language University,,t,,-5,"March 17, 2023",China
900,2,Wuhan Institute of Technology,,t,,-5,"March 17, 2023",China
901,2,Beijing Union University,,t,,-5,"March 17, 2023",China
902,2,Shanghai Theater Academy,,t,,-5,"March 17, 2023",China
903,2,Hubei University of Traditional Chinese Medicine,,t,,-5,"March 17, 2023",China
904,2,East China Jiaotong University,,t,,-5,"March 17, 2023",China
905,2,Beijing University of Science and Technology Information,,t,,-5,"March 17, 2023",China
906,2,Beijing Second Foreign Language Institute,,t,,-5,"March 17, 2023",China
907,2,Xingjiang Medical College,,t,,-5,"March 17, 2023",China
908,2,Guangxi University of Traditional Chinese Medicine,,t,,-5,"March 17, 2023",China
909,2,Zhejiang University of Traditional Chinese Medicine,,t,,-5,"March 17, 2023",China
910,2,Changsha University of Science and Technology,,t,,-5,"March 17, 2023",China
911,2,China Civil Aviation University,,t,,-5,"March 17, 2023",China
912,2,Shenyang Pharmaceutical University,,t,,-5,"March 17, 2023",China
913,2,Jiangxi Normal University,,t,,-5,"March 17, 2023",China
914,2,Xi'an University of Technology,,t,,-5,"March 17, 2023",China
915,2,Kunming University of Science and Technology,,t,,-5,"March 17, 2023",China
916,2,Hubei University of Technology,,t,,-5,"March 17, 2023",China
917,2,Jiangsu University of Science and Technology,,t,,-5,"March 17, 2023",China
918,2,Xi'an University of Architecture and Technology,,t,,-5,"March 17, 2023",China
919,2,Sichuan Normal University,,t,,-5,"March 17, 2023",China
920,2,Shandong University of Science and Technology,,t,,-5,"March 17, 2023",China
921,2,Shandong University of Finance and Economics,,t,,-5,"March 17, 2023",China
922,2,Xi'an University of Science and Technology,,t,,-5,"March 17, 2023",China
923,2,Ji Nan University,,t,,-5,"March 17, 2023",China
924,2,Northeast Electric Power University,,t,,-5,"March 17, 2023",China
925,2,Harbin University of Science and Technology,,t,,-5,"March 17, 2023",China
926,2,South Central University for Nationalities,,t,,-5,"March 17, 2023",China
927,2,Changchun University of Science and Technology,,t,,-5,"March 17, 2023",China
928,2,XiAn Industrial University,,t,,-5,"March 17, 2023",China
929,2,Tianjin University of Science and Technology,,t,,-5,"March 17, 2023",China
930,2,Sanxia University,,t,,-5,"March 17, 2023",China
931,2,Xi'an Jiaotong-Liverpool University,,t,,0,"March 17, 2023",China
932,2,China Jiliang University,,t,,-5,"March 17, 2023",China
933,2,hangzhou normal university,,t,,-5,"March 17, 2023",China
934,2,Qingdao University of Science and Technology,,t,,-5,"March 17, 2023",China
935,2,Jiangxi University of Science and Technology,,t,,-5,"March 17, 2023",China
936,2,Central North University,,t,,-5,"March 17, 2023",China
937,2,Shaanxi University of Science and Technology,,t,,-5,"March 17, 2023",China
938,2,Fujian Agriculture and Forestry University,,t,,-5,"March 17, 2023",China
939,2,Shijiazhuang Railway University,,t,,-5,"March 17, 2023",China
940,2,Heilongjiang University,,t,,-5,"March 17, 2023",China
941,2,Nantong university,,t,,-5,"March 17, 2023",China
942,2,Shenyang University of Technology,,t,,-5,"March 17, 2023",China
943,2,Ningxia Medical University,,t,,-5,"March 17, 2023",China
944,2,Hunan University of Science and Technology,,t,,-5,"March 17, 2023",China
945,2,Shenyang Jianzhu University,,t,,-5,"March 17, 2023",China
946,2,Shenyang Aerospace University,,t,,-5,"March 17, 2023",China
947,2,Guilin University of Electronic Technology,,t,,-5,"March 17, 2023",China
948,2,Yangtze University,,t,,-5,"March 17, 2023",China
949,2,Liaoning University of Engineering and Technology,,t,,-5,"March 17, 2023",China
950,2,Chongqing Normal University,,t,,-5,"March 17, 2023",China
951,2,Hainan Normal University,,t,,-5,"March 17, 2023",China
952,2,Central South University of Forestry and Technology,,t,,-5,"March 17, 2023",China
953,2,Southwest University of Science and Technology,,t,,-5,"March 17, 2023",China
954,2,Anhui University of Technology,,t,,-5,"March 17, 2023",China
955,2,Nanhua University,,t,,-5,"March 17, 2023",China
956,2,Zhejiang Agriculture and Forestry University,,t,,-5,"March 17, 2023",China
957,2,Anhui Normal University,,t,,-5,"March 17, 2023",China
958,2,Lanzhou Jiaotong University,,t,,-5,"March 17, 2023",China
959,2,East China University of Technology,,t,,-5,"March 17, 2023",China
960,2,Chengdu University of Information Engineering,,t,,-5,"March 17, 2023",China
961,2,Southwest University for Nationalities,,t,,-5,"March 17, 2023",China
962,2,Hebei Normal University,,t,,-5,"March 17, 2023",China
963,2,Northwest Normal University,,t,,-5,"March 17, 2023",China
964,2,Henan Normal University,,t,,-5,"March 17, 2023",China
965,2,North China University of Technology,,t,,-5,"March 17, 2023",China
966,2,Chinese People's Police University,,t,,-5,"March 17, 2023",China
967,2,Hunan University of Traditional Chinese Medicine,,t,,-5,"March 17, 2023",China
968,2,Henan University of Science and Technology,,t,,-5,"March 17, 2023",China
969,2,Heilongjiang University of Traditional Chinese Medicine,,t,,-5,"March 17, 2023",China
970,2,North China University of Water Conservancy and Hydropower,,t,,-5,"March 17, 2023",China
971,2,Jiangxi University of Traditional Chinese Medicine,,t,,-5,"March 17, 2023",China
972,2,Hunan Agricultural University,,t,,-5,"March 17, 2023",China
973,2,Hunan University,,t,,-5,"March 17, 2023",China
974,2,Hunan Technology and Business University,,t,,-5,"March 17, 2023",China
975,2,Dalian Jiaotong University,,t,,-5,"March 17, 2023",China
976,2,Xi'an Shiyou University,,t,,-5,"March 17, 2023",China
977,2,Lanzhou University of Technology,,t,,-5,"March 17, 2023",China
978,2,Changchun University of Traditional Chinese Medicine,,t,,-5,"March 17, 2023",China
979,2,Liaoning University of Science and Technology,,t,,-5,"March 17, 2023",China
980,2,Northeast Petroleum University,,t,,-5,"March 17, 2023",China
981,2,Nanchang Aeronautical University,,t,,-5,"March 17, 2023",China
982,2,Changzhou University,,t,,-5,"March 17, 2023",China
983,2,Qufu Normal University,,t,,-5,"March 17, 2023",China
984,2,Henan University of Economics and Law,,t,,-5,"March 17, 2023",China
985,2,Xi'an University of Finance and Economics,,t,,-5,"March 17, 2023",China
986,2,Anhui University of Technology,,t,,-5,"March 17, 2023",China
987,2,Guilin University of Technology,,t,,-5,"March 17, 2023",China
988,2,Qilu University of Technology,,t,,-5,"March 17, 2023",China
989,2,Shenyang Agricultural University,,t,,-5,"March 17, 2023",China
990,2,Zhengzhou University of Light Industry,,t,,-5,"March 17, 2023",China
991,2,Jishou University,,t,,-5,"March 17, 2023",China
992,2,Jiangxi Agricultural University,,t,,-5,"March 17, 2023",China
993,2,Qingdao Agricultural University,,t,,-5,"March 17, 2023",China
994,2,Northwest University for Nationalities,,t,,-5,"March 17, 2023",China
995,2,Northern University for Nationalities,,t,,-5,"March 17, 2023",China
996,2,MIT,t,,100,,"March 17, 2023",U.S.
997,2,Oxford university,t,,100,,"March 17, 2023",U.K.
998,2,Stanford University,t,,100,,"March 17, 2023",U.S.
999,2,University of Cambridge,t,,100,,"March 17, 2023",U.K.
1000,2,Harvard University,t,,100,,"March 17, 2023",U.S.
1001,2,Caltech,t,,97,,"March 17, 2023",U.S.
1002,2,Imperial College London,t,,95,,"March 17, 2023",U.K.
1003,2,ETH Zurich,t,,93,,"March 17, 2023",Switzerland
1004,2,University College London,t,,90,,"March 17, 2023",U.K.
1005,2,University of Chicago,t,,93,,"March 17, 2023",U.S.
1006,2,National University of Singapore,t,,81,,"March 17, 2023",Singapore
1007,2,Nanyang Technological University,t,,80,,"March 17, 2023",Singapore
1008,2,University of Pennsylvania,t,,93,,"March 17, 2023",U.S.
1009,2,Federal Institute of Technology Lausanne,t,,90,,"March 17, 2023",Switzerland
1010,2,Yale University,t,,98,,"March 17, 2023",U.S.
1011,2,University of Edinburgh,t,,81,,"March 17, 2023",U.K.
1012,2,Columbia University,t,,92,,"March 17, 2023",U.S.
1013,2,Princeton University,t,,92,,"March 17, 2023",U.S.
1014,2,Cornell University,t,,92,,"March 17, 2023",U.S.
1015,2,Hong Kong university,t,,80,,"March 17, 2023",China Hong Kong
1016,2,University of Tokyo,t,,90,,"March 17, 2023",Japan
1017,2,"University of Michigan, Ann Arbor",t,,89,,"March 17, 2023",U.S.
1018,2,Johns Hopkins University,t,,88,,"March 17, 2023",U.S.
1019,2,University of Toronto,t,,88,,"March 17, 2023",Canada
1020,2,McGill University,t,,88,,"March 17, 2023",Canada
1021,2,Australian National University,t,,74,,"March 17, 2023",Australia
1022,2,University of Manchester,t,,75,,"March 17, 2023",U.K.
1023,2,Northwest University,t,,85,,"March 17, 2023",U.S.
1024,2,UC Berkeley,t,,93,,"March 17, 2023",U.S.
1025,2,Kyoto University,t,,80,,"March 17, 2023",Japan
1026,2,Hong Kong University of Science and Technology,t,,78,,"March 17, 2023",China Hong Kong
1027,2,King's College London,t,,84,,"March 17, 2023",U.K.
1028,2,Seoul National University,t,,77,,"March 17, 2023",South Korea
1029,2,University of Melbourne,t,,74,,"March 17, 2023",Australia
1030,2,University of Sydney,t,,74,,"March 17, 2023",Australia
1031,2,The Chinese University of Hong Kong,t,,74,,"March 17, 2023",China Hong Kong
1032,2,UCLA,t,,88,,"March 17, 2023",U.S.
1033,2,Korea Advanced Institute of Science and Technology,t,,72,,"March 17, 2023",South Korea
1034,2,New York University,t,,87,,"March 17, 2023",U.S.
1035,2,University of New South Wales,t,,72,,"March 17, 2023",Australia
1036,2,University of Paris Dauphin,t,,79,,"March 17, 2023",France
1037,2,University of British Columbia,t,,79,,"March 17, 2023",Canada
1038,2,Queensland university,t,,72,,"March 17, 2023",Australia
1039,2,"University of California, San Diego",t,,88,,"March 17, 2023",U.S.
1040,2,Paris Polytechnic,t,,76,,"March 17, 2023",France
1041,2,London School of Economics and Political Science,t,,86,,"March 17, 2023",U.K.
1042,2,Munich Industrial University,t,,86,,"March 17, 2023",Germany
1043,2,Duke University,t,,92,,"March 17, 2023",U.S.
1044,2,Carnegie Mellon University,t,,93,,"March 17, 2023",U.S.
1045,2,City University of Hong Kong,t,,72,,"March 17, 2023",China Hong Kong
1046,2,University of Amsterdam,t,,86,,"March 17, 2023",Netherlands
1047,2,Tokyo Institute of Technology,t,,86,,"March 17, 2023",Japan
1048,2,Delft University of Technology,t,,88,,"March 17, 2023",Netherlands
1049,2,monash university,t,,73,,"March 17, 2023",Australia
1050,2,brown university,t,,73,,"March 17, 2023",U.S.
1051,2,University of Warwick,t,,73,,"March 17, 2023",U.K.
1052,2,University of Bristol,t,,73,,"March 17, 2023",U.K.
1053,2,Heidelberg University,t,,73,,"March 17, 2023",Germany
1054,2,University of Munich,t,,73,,"March 17, 2023",Germany
1055,2,University of Malaya,t,,73,,"March 17, 2023",Malaysia
1056,2,Hong Kong Polytechnic University,t,,73,,"March 17, 2023",China Hong Kong
1057,2,University of Texas at Austin,t,,73,,"March 17, 2023",U.S.
1058,2,National Taiwan University,t,,73,,"March 17, 2023","Taiwan, China"
1059,2,University of Buenos Aires,t,,73,,"March 17, 2023",Argentina
1060,2,KU Leuven,t,,73,,"March 17, 2023",Belgium
1061,2,University of Zurich,t,,73,,"March 17, 2023",Switzerland
1062,2,Sorbonne University,t,,73,,"March 17, 2023",France
1063,2,University of Glasgow,t,,73,,"March 17, 2023",U.K.
1064,2,Korea University,t,,73,,"March 17, 2023",South Korea
1065,2,Osaka University,t,,73,,"March 17, 2023",Japan
1066,2,University of Wisconsin-Madison,t,,73,,"March 17, 2023",U.S.
1067,2,University of Southampton,t,,73,,"March 17, 2023",U.K.
1068,2,moscow state university,t,,73,,"March 17, 2023",Russia
1069,2,University of Copenhagen,t,,73,,"March 17, 2023",Denmark
1070,2,Yonsei University,t,,73,,"March 17, 2023",South Korea
1071,2,Pohang University of Science and Technology,t,,73,,"March 17, 2023",South Korea
1072,2,Durham University,t,,73,,"March 17, 2023",U.K.
1073,2,Tohoku University,t,,73,,"March 17, 2023",Japan
1074,2,University of Illinois at Urbana-Champaign,t,,73,,"March 17, 2023",U.S.
1075,2,University of Auckland,t,,73,,"March 17, 2023",new Zealand
1076,2,Washington University,t,,73,,"March 17, 2023",U.S.
1077,2,University of Paris-Saclay,t,,73,,"March 17, 2023",France
1078,2,Lund University,t,,73,,"March 17, 2023",Sweden
1079,2,Georgia Institute of Technology,t,,73,,"March 17, 2023",U.S.
1080,2,Tianjin University Georgia Institute of Technology Shenzhen College,t,,73,,"March 17, 2023",U.S.
1081,2,KTH,t,,73,,"March 17, 2023",Sweden
1082,2,University of Birmingham,t,,73,,"March 17, 2023",U.K.
1083,2,university of st andrews,t,,73,,"March 17, 2023",U.K.
1084,2,University of Leeds,t,,73,,"March 17, 2023",U.K.
1085,2,University of Western Australia,t,,73,,"March 17, 2023",Australia
1086,2,rice university,t,,73,,"March 17, 2023",U.S.
1087,2,University of Sheffield,t,,73,,"March 17, 2023",U.K.
1088,2,Penn State University Park,t,,73,,"March 17, 2023",U.S.
1089,2,Sungkyunkwan University,t,,73,,"March 17, 2023",South Korea
1090,2,Danish Technical University,t,,73,,"March 17, 2023",Denmark
1091,2,University of North Carolina - Chapel Hill,t,,73,,"March 17, 2023",U.S.
1092,2,Trinity College Dublin,t,,71,,"March 17, 2023",Ireland
1093,2,University of Oslo,t,,71,,"March 17, 2023",Norway
1094,2,University of Nottingham,t,,71,,"March 17, 2023",U.K.
1095,2,University of Helsinki,t,,71,,"March 17, 2023",Finland
1096,2,National Autonomous University of Mexico,t,,71,,"March 17, 2023",Mexico
1097,2,University of Geneva,t,,71,,"March 17, 2023",Switzerland
1098,2,Washington University in St. Louis,t,,71,,"March 17, 2023",U.S.
1099,2,University of Adelaide,t,,71,,"March 17, 2023",Australia
1100,2,King Abdulaziz University,t,,71,,"March 17, 2023",saudi arabia
1101,2,Utrecht University,t,,71,,"March 17, 2023",Netherlands
1102,2,University of Montreal,t,,71,,"March 17, 2023",Canada
1103,2,Aalto University,t,,71,,"March 17, 2023",Finland
1104,2,Boston University,t,,71,,"March 17, 2023",U.S.
1105,2,Leiden University,t,,71,,"March 17, 2023",Netherlands
1106,2,University of Southern California,t,,71,,"March 17, 2023",U.S.
1107,2,Purdue University West Lafayette,t,,71,,"March 17, 2023",U.S.
1108,2,Queen Mary University of London,t,,71,,"March 17, 2023",U.K.
1109,2,Nagoya University,t,,71,,"March 17, 2023",Japan
1110,2,University of Bern,t,,71,,"March 17, 2023",Switzerland
1111,2,Ohio State University,t,,71,,"March 17, 2023",U.S.
1112,2,Chalmers University of Technology,t,,71,,"March 17, 2023",Sweden
1113,2,Sao Paulo University,t,,71,,"March 17, 2023",Brazil
1114,2,Wange Ninggeun University,t,,71,,"March 17, 2023",Netherlands
1115,2,Uppsala University,t,,71,,"March 17, 2023",Sweden
1116,2,Eindhoven University of Technology,t,,71,,"March 17, 2023",Netherlands
1117,2,University of Alberta,t,,71,,"March 17, 2023",Canada
1118,2,Free University of Berlin,t,,71,,"March 17, 2023",Germany
1119,2,Humboldt University of Berlin,t,,71,,"March 17, 2023",Germany
1120,2,University of Groningen,t,,71,,"March 17, 2023",Netherlands
1121,2,Ecole Normale Supérieure de Lyon,t,,71,,"March 17, 2023",France
1122,2,Lancaster University,t,,71,,"March 17, 2023",U.K.
1123,2,University of Technology Sydney,t,,71,,"March 17, 2023",Australia
1124,2,Newcastle University,t,,71,,"March 17, 2023",U.K.
1125,2,Catholic University of Chile,t,,71,,"March 17, 2023",Chile
1126,2,Karlsruhe Institute of Technology,t,,71,,"March 17, 2023",Germany
1127,2,Kyushu University,t,,71,,"March 17, 2023",Japan
1128,2,University of Basel,t,,71,,"March 17, 2023",Switzerland
1129,2,UC Davis,t,,71,,"March 17, 2023",U.S.
1130,2,McMaster University,t,,71,,"March 17, 2023",Canada
1131,2,Ghent University,t,,71,,"March 17, 2023",Belgium
1132,2,Politecnico di Milano,t,,71,,"March 17, 2023",Italy
1133,2,University Putra Malaysia,t,,71,,"March 17, 2023",Malaysia
1134,2,National University of Malaysia,t,,71,,"March 17, 2023",Malaysia
1135,2,Hokkaido University,t,,71,,"March 17, 2023",Japan
1136,2,UC Santa Barbara,t,,71,,"March 17, 2023",U.S.
1137,2,University of Science Malaysia,t,,71,,"March 17, 2023",Malaysia
1138,2,Stockholm University,t,,71,,"March 17, 2023",Sweden
1139,2,University of Exeter,t,,71,,"March 17, 2023",U.K.
1140,2,University of Waterloo,t,,71,,"March 17, 2023",Canada
1141,2,Cardiff University,t,,71,,"March 17, 2023",U.K.
1142,2,University of Vienna,t,,71,,"March 17, 2023",Austria
1143,2,York University,t,,71,,"March 17, 2023",U.K.
1144,2,University of Rochester,t,,71,,"March 17, 2023",U.S.
1145,2,Aarhus University,t,,71,,"March 17, 2023",Denmark
1146,2,Hanyang University,t,,71,,"March 17, 2023",South Korea
1147,2,Michigan State University,t,,71,,"March 17, 2023",U.S.
1148,2,University of Maryland College Park,t,,71,,"March 17, 2023",U.S.
1149,2,Technical University of Berlin,t,,71,,"March 17, 2023",Germany
1150,2,Emory University,t,,71,,"March 17, 2023",U.S.
1151,2,Case Western Reserve University,t,,71,,"March 17, 2023",U.S.
1152,2,Monterey Institute of Technology,t,,71,,"March 17, 2023",Mexico
1153,2,King Fahd University of Petroleum and Minerals,t,,71,,"March 17, 2023",saudi arabia
1154,2,University of Pittsburgh,t,,71,,"March 17, 2023",U.S.
1155,2,RWTH Aachen University,t,,71,,"March 17, 2023",Germany
1156,2,University of Bologna,t,,71,,"March 17, 2023",Italy
1157,2,University of Bath,t,,71,,"March 17, 2023",U.K.
1158,2,Texas A&M University,t,,71,,"March 17, 2023",U.S.
1159,2,University of Barcelona,t,,71,,"March 17, 2023",Spain
1160,2,University of Western Ontario,t,,71,,"March 17, 2023",Canada
1161,2,Sapienza - University of Rome,t,,71,,"March 17, 2023",Italy
1162,2,University of Freiburg,t,,71,,"March 17, 2023",Germany
1163,2,University College Dublin,t,,71,,"March 17, 2023",Ireland
1164,2,University of Florida,t,,71,,"March 17, 2023",U.S.
1165,2,Kazakh National University,t,,71,,"March 17, 2023",Kazakhstan
1166,2,University of Lausanne,t,,71,,"March 17, 2023",Switzerland
1167,2,Geumgyeon University,t,,71,,"March 17, 2023",Germany
1168,2,Indian Institute of Technology Bombay,t,,71,,"March 17, 2023",India
1169,2,Erasmus University Rotterdam,t,,71,,"March 17, 2023",Netherlands
1170,2,National Tsing Hua University,t,,71,,"March 17, 2023","Taiwan, China"
1171,2,Vienna University of Technology,t,,71,,"March 17, 2023",Austria
1172,2,University of Gothenburg,t,,71,,"March 17, 2023",Sweden
1173,2,Khalifa University,t,,71,,"March 17, 2023",United Arab Emirates
1174,2,University of Chile,t,,71,,"March 17, 2023",Chile
1175,2,Indian Institute of Technology Delhi,t,,71,,"March 17, 2023",India
1176,2,Indian Institute of Science,t,,71,,"March 17, 2023",India
1177,2,University of Minnesota Twin Cities,t,,71,,"March 17, 2023",U.S.
1178,2,KU Leuven,t,,71,,"March 17, 2023",Belgium
1179,2,University of Liverpool,t,,71,,"March 17, 2023",U.K.
1180,2,University of Twente,t,,71,,"March 17, 2023",Netherlands
1181,2,Dartmouth College,t,,71,,"March 17, 2023",U.S.
1182,2,Malaysian Polytechnic University,t,,71,,"March 17, 2023",Malaysia
1183,2,University of Wollongong,t,,71,,"March 17, 2023",Australia
1184,2,curtin university,t,,71,,"March 17, 2023",Australia
1185,2,Dresden University of Technology,t,,71,,"March 17, 2023",Germany
1186,2,University of Otago,t,,71,,"March 17, 2023",new Zealand
1187,2,Newcastle University,t,,71,,"March 17, 2023",Australia
1188,2,Hebrew University of Jerusalem,t,,71,,"March 17, 2023",Israel
1189,2,University of Bergen,t,,71,,"March 17, 2023",Norway
1190,2,Macquarie University,t,,71,,"March 17, 2023",Australia
1191,2,Keio University,t,,70,,"March 17, 2023",Japan
1192,2,University of Reading,t,,70,,"March 17, 2023",U.K.
1193,2,Waseda University,t,,70,,"March 17, 2023",Japan
1194,2,University of Göttingen,t,,70,,"March 17, 2023",Germany
1195,2,University of Aberdeen,t,,70,,"March 17, 2023",U.K.
1196,2,Royal Melbourne Institute of Technology,t,,70,,"March 17, 2023",Australia
1197,2,Autonomous University of Madrid,t,,70,,"March 17, 2023",Spain
1198,2,Free University of Brussels,t,,70,,"March 17, 2023",Belgium
1199,2,Autonomous University of Barcelona,t,,70,,"March 17, 2023",Spain
1200,2,Free University of Amsterdam,t,,70,,"March 17, 2023",Netherlands
1201,2,Ulsan National Institute of Science and Technology,t,,70,,"March 17, 2023",South Korea
1202,2,Queensland University of Technology,t,,70,,"March 17, 2023",Australia
1203,2,University of Hamburg,t,,70,,"March 17, 2023",Germany
1204,2,Chulalongkorn University,t,,70,,"March 17, 2023",Thailand
1205,2,Arizona State University,t,,70,,"March 17, 2023",U.S.
1206,2,Queen's University Belfast,t,,70,,"March 17, 2023",U.K.
1207,2,Vanderbilt University,t,,70,,"March 17, 2023",U.S.
1208,2,University of Campinas,t,,70,,"March 17, 2023",Brazil
1209,2,Naumei University,t,,70,,"March 17, 2023",Netherlands
1210,2,Free University of Brussels,t,,70,,"March 17, 2023",Belgium
1211,2,University of Notre Dame,t,,70,,"March 17, 2023",U.S.
1212,2,Complutense University of Madrid,t,,70,,"March 17, 2023",Spain
1213,2,Qatar University,t,,70,,"March 17, 2023",Qatar
1214,2,University of Bonn,t,,70,,"March 17, 2023",Germany
1215,2,University of Cape Town,t,,70,,"March 17, 2023",South Africa
1216,2,University of Sussex,t,,70,,"March 17, 2023",U.K.
1217,2,University of Virginia,t,,70,,"March 17, 2023",U.S.
1218,2,University of Ottawa,t,,70,,"March 17, 2023",Canada
1219,2,Loughborough University,t,,70,,"March 17, 2023",U.K.
1220,2,"University of California, Irvine",t,,70,,"March 17, 2023",U.S.
1221,2,Maastricht University,t,,70,,"March 17, 2023",Netherlands
1222,2,University of Antwerp,t,,70,,"March 17, 2023",Belgium
1223,2,University of Calgary,t,,70,,"March 17, 2023",Canada
1224,2,University of Los Andes,t,,70,,"March 17, 2023",Venezuela
1225,2,University of Leicester,t,,70,,"March 17, 2023",U.K.
1226,2,Victoria University of Wellington,t,,70,,"March 17, 2023",new Zealand
1227,2,Empress University,t,,70,,"March 17, 2023",Canada
1228,2,University of Ticino,t,,70,,"March 17, 2023",Switzerland
1229,2,American University of Beirut,t,,70,,"March 17, 2023",Lebanon
1230,2,Saint Petersburg State University,t,,70,,"March 17, 2023",Russia
1231,2,University of Padua,t,,70,,"March 17, 2023",Italy
1232,2,Ecole Pont des Ponts Paris,t,,70,,"March 17, 2023",France
1233,2,Novosibirsk State University,t,,70,,"March 17, 2023",Russia
1234,2,University of Massachusetts Amherst,t,,70,,"March 17, 2023",U.S.
1235,2,georgetown university,t,,70,,"March 17, 2023",U.S.
1236,2,Pompeu Fabra University,t,,70,,"March 17, 2023",Spain
1237,2,University of Brunei Darussalam,t,,70,,"March 17, 2023",Brunei
1238,2,University of Colorado Boulder,t,,70,,"March 17, 2023",U.S.
1239,2,National Cheng Kung University,t,,70,,"March 17, 2023","Taiwan, China"
1240,2,Yeshiva University,t,,70,,"March 17, 2023",U.S.
1241,2,Gadjah Mada University,t,,70,,"March 17, 2023",Indonesia
1242,2,Indian Institute of Technology Madras,t,,70,,"March 17, 2023",India
1243,2,Mahidol University,t,,70,,"March 17, 2023",Thailand
1244,2,Tel Aviv University,t,,70,,"March 17, 2023",Israel
1245,2,National University of Ireland,t,,70,,"March 17, 2023",Ireland
1246,2,Columbia National University,t,,70,,"March 17, 2023",Colombia
1247,2,University of Canterbury,t,,70,,"March 17, 2023",new Zealand
1248,2,Sciences Po,t,,70,,"March 17, 2023",France
1249,2,University of Paris,t,,70,,"March 17, 2023",France
1250,2,Kyung Hee University,t,,70,,"March 17, 2023",South Korea
1251,2,Rutgers University,t,,70,,"March 17, 2023",U.S.
1252,2,Charles University in Prague,t,,70,,"March 17, 2023",czech republic
1253,2,University of Navarra,t,,70,,"March 17, 2023",Spain
1254,2,National Yangming Chiao Tung University,t,,70,,"March 17, 2023","Taiwan, China"
1255,2,University of Arizona,t,,70,,"March 17, 2023",U.S.
1256,2,Darmstadt University of Technology,t,,70,,"March 17, 2023",Germany
1257,2,Heriot-Watt University,t,,70,,"March 17, 2023",U.K.
1258,2,Dalhousie University,t,,70,,"March 17, 2023",Canada
1259,2,Takumoku National University,t,,70,,"March 17, 2023",Russia
1260,2,University of Surrey,t,,70,,"March 17, 2023",U.K.
1261,2,tufts university,t,,70,,"March 17, 2023",U.S.
1262,2,Graz University of Technology,t,,70,,"March 17, 2023",Austria
1263,2,Indian Institute of Technology Kanpur,t,,70,,"March 17, 2023",India
1264,2,King Saud University,t,,70,,"March 17, 2023",saudi arabia
1265,2,Indian Institute of Technology Kharagpur,t,,70,,"March 17, 2023",India
1266,2,Bowman University,t,,70,,"March 17, 2023",Russia
1267,2,University of Innsbruck,t,,70,,"March 17, 2023",Austria
1268,2,Deakin University,t,,70,,"March 17, 2023",Australia
1269,2,Massey University,t,,70,,"March 17, 2023",new Zealand
1270,2,University of Illinois at Chicago,t,,70,,"March 17, 2023",U.S.
1271,2,University of Tsukuba,t,,70,,"March 17, 2023",Japan
1272,2,Hong Kong Baptist University,t,,70,,"March 17, 2023",China Hong Kong
1273,2,UAE University,t,,70,,"March 17, 2023",United Arab Emirates
1274,2,Griffith University,t,,70,,"March 17, 2023",Australia
1275,2,Moscow Institute of Physics and Technology,t,,70,,"March 17, 2023",Russia
1276,2,University of Indonesia,t,,70,,"March 17, 2023",Indonesia
1277,2,University of Paris 1,t,,70,,"March 17, 2023",France
1278,2,Belarusian State University,t,,70,,"March 17, 2023",Belarus
1279,2,University of Porto,t,,70,,"March 17, 2023",Portugal
1280,2,Library University,t,,70,,"March 17, 2023",Finland
1281,2,Simon Fraser University,t,,70,,"March 17, 2023",Canada
1282,2,University College Cork,t,,70,,"March 17, 2023",Ireland
1283,2,North Carolina State University,t,,70,,"March 17, 2023",U.S.
1284,2,University of Tartu,t,,70,,"March 17, 2023",Estonia
1285,2,George Mason University,t,,70,,"March 17, 2023",U.S.
1286,2,Texas Christian University,t,,70,,"March 17, 2023",U.S.
1287,2,Northumbria University Newcastle,t,,70,,"March 17, 2023",U.K.
1288,2,Rutgers University-Camden,t,,70,,"March 17, 2023",U.S.
1289,2,University of Alabama at Birmingham,t,,70,,"March 17, 2023",U.S.
1290,2,University of Alabama,t,,70,,"March 17, 2023",U.S.
1291,2,university of saint joseph,t,,70,,"March 17, 2023",Macao
1292,2,Villanova University,t,,70,,"March 17, 2023",U.S.
1293,2,State University of New York College of Environmental Science and Forestry Sciences,t,,70,,"March 17, 2023",U.S.
1294,2,"University of California, Riverside",t,,70,,"March 17, 2023",U.S.
1295,2,Hong Kong Lingnan University,t,,70,,"March 17, 2023",China Hong Kong
1296,2,"University of California, San Francisco",t,,70,,"March 17, 2023",U.S.
1297,2,Monash University Malaysia,t,,70,,"March 17, 2023",Malaysia
1298,2,University of Vermont,t,,70,,"March 17, 2023",U.S.
1299,2,The Education University of Hong Kong,t,,70,,"March 17, 2023",China Hong Kong
1300,2,"Paris University of Arts, Sciences and Humanities",t,,70,,"March 17, 2023",China Hong Kong
1301,2,Rutgers University Newark,t,,70,,"March 17, 2023",U.S.
1302,2,Southern Methodist University,t,,70,,"March 17, 2023",U.S.
1303,2,Oxford Brookes University,t,,70,,"March 17, 2023",U.K.
1304,2,college of william and mary,t,,70,,"March 17, 2023",U.K.
1305,2,Hang Seng University of Hong Kong,t,,70,,"March 17, 2023",China Hong Kong
1306,2,Brunel University,t,,70,,"March 17, 2023",U.K.
1307,2,University of Macau,t,,70,,"March 17, 2023",Macao
1308,2,Catholic University of Leuven,t,,70,,"March 17, 2023",Belgium
1309,2,Macau University of Science and Technology,t,,70,,"March 17, 2023",Macao
1310,2,American University,t,,70,,"March 17, 2023",U.S.
1311,2,Bangor University,t,,70,,"March 17, 2023",U.K.
1312,2,Kingston University,t,,70,,"March 17, 2023",U.K.
1313,2,Rensselaer Polytechnic Institute,t,,70,,"March 17, 2023",U.S.
1314,2,boston college,t,,70,,"March 17, 2023",U.S.
1315,2,University of North Carolina,t,,70,,"March 17, 2023",U.S.
1316,2,University of Oklahoma,t,,70,,"March 17, 2023",U.S.
1317,2,University of Ulster,t,,70,,"March 17, 2023",U.K.
1318,2,Brandeis University,t,,70,,"March 17, 2023",U.S.
1319,2,University of Iowa,t,,70,,"March 17, 2023",U.S.
1320,2,"Goldsmiths, University of London",t,,70,,"March 17, 2023",U.K.
1321,2,Wageningen University,t,,70,,"March 17, 2023",Netherlands
1322,2,Hong Kong Shue Yan University,t,,70,,"March 17, 2023",China Hong Kong
1323,2,University of South Carolina,t,,70,,"March 17, 2023",U.S.
1324,2,"Asia Campus of Technical University of Munich, Germany",t,,70,,"March 17, 2023",Germany
1325,2,University of Hull,t,,70,,"March 17, 2023",U.K.
1326,2,Fordham University,t,,70,,"March 17, 2023",U.S.
1327,2,Rutgers University-New Brunswick,t,,70,,"March 17, 2023",U.S.
1328,2,University of Missouri,t,,70,,"March 17, 2023",U.S.
1329,2,Hong Kong Metropolitan University,t,,70,,"March 17, 2023",China Hong Kong
1330,2,Technical University of Denmark,t,,70,,"March 17, 2023",Denmark
1331,2,"University of Maryland, College Park",t,,70,,"March 17, 2023",U.S.
1332,2,University of San Diego,t,,70,,"March 17, 2023",U.S.
1333,2,Leeds Beckett University,t,,70,,"March 17, 2023",U.K.
1334,2,"University of California, Davis",t,,70,,"March 17, 2023",U.S.
1335,2,California State University Long Beach,t,,70,,"March 17, 2023",U.S.
1336,2,Brigham Young University Provo,t,,70,,"March 17, 2023",U.S.
1337,2,University of Tübingen,t,,70,,"March 17, 2023",Germany
1338,2,Rikai University,t,,70,,"March 17, 2023",japan
1339,2,Purdue University,t,,70,,"March 17, 2023",U.S.
1340,2,City University of London,t,,70,,"March 17, 2023",U.K.
1341,2,Western University,t,,70,,"March 17, 2023",U.S.
1342,2,University of Northampton,t,,70,,"March 17, 2023",U.K.
1343,2,Elon University,t,,70,,"March 17, 2023",U.S.
1344,2,Seattle University,t,,70,,"March 17, 2023",U.S.
1345,2,Illinois Institute of Technology,t,,70,,"March 17, 2023",U.S.
1346,2,State University of New York at Stony Brook,t,,70,,"March 17, 2023",U.S.
1347,2,"Royal Holloway, University of London",t,,70,,"March 17, 2023",U.K.
1348,2,Santa Clara University,t,,70,,"March 17, 2023",U.S.
1349,2,queen university,t,,70,,"March 17, 2023",canada
1350,2,Singapore University of Technology and Design,t,,70,,"March 17, 2023",Singapore
1351,2,University of Connecticut,t,,70,,"March 17, 2023",U.S.
1352,2,Virginia Tech,t,,70,,"March 17, 2023",U.S.
1353,2,University of East Anglia,t,,70,,"March 17, 2023",U.K.
1354,2,DePaul University,t,,70,,"March 17, 2023",U.S.
1355,2,clark university,t,,70,,"March 17, 2023",U.S.
1356,2,saint louis university,t,,70,,"March 17, 2023",Philippines
1357,2,new school,t,,70,,"March 17, 2023",U.S.
1358,2,"University of Tennessee, Knoxville",t,,70,,"March 17, 2023",U.S.
1359,2,Pennsylvania State University - Parker,t,,70,,"March 17, 2023",U.S.
1360,2,Worcester Polytechnic Institute,t,,70,,"March 17, 2023",U.S.
1361,2,aston university,t,,70,,"March 17, 2023",U.K.
1362,2,University of Delaware,t,,70,,"March 17, 2023",U.S.
1363,2,Rochester Institute of Technology,t,,70,,"March 17, 2023",U.S.
1364,2,University of Denver,t,,70,,"March 17, 2023",U.S.
1365,2,Stevens Institute of Technology,t,,70,,"March 17, 2023",U.S.
1366,2,Loyola Marymount University,t,,70,,"March 17, 2023",U.S.
1367,2,University of Bradford,t,,70,,"March 17, 2023",U.K.
1368,2,UC Santa Cruz,t,,70,,"March 17, 2023",U.S.
1369,2,miami university,t,,70,,"March 17, 2023",U.S.
1370,2,Syracuse University,t,,70,,"March 17, 2023",U.S.
1371,2,Macao Polytechnic Institute,t,,70,,"March 17, 2023",Macao
1372,2,University of Dundee,t,,70,,"March 17, 2023",U.K.
1373,2,Pepperdine University,t,,70,,"March 17, 2023",U.S.
1374,2,Aberystwyth University,t,,70,,"March 17, 2023",U.K.
1375,2,University of Oregon,t,,70,,"March 17, 2023",U.S.
1376,2,Singapore Management University,t,,70,,"March 17, 2023",Singapore
1377,2,University of Strathclyde,t,,70,,"March 17, 2023",U.K.
1378,2,University of San Francisco,t,,70,,"March 17, 2023",U.S.
1379,2,Northeastern University,t,,70,,"March 17, 2023",U.S.
1380,2,Birmingham City University,t,,70,,"March 17, 2023",U.K.
1381,2,Loyola University Chicago,t,,70,,"March 17, 2023",U.S.
1382,2,Technical University of Munich,t,,70,,"March 17, 2023",Germany
1383,2,Essex Business School,t,,70,,"March 17, 2023",U.K.
1384,2,Colorado School of Mines,t,,70,,"March 17, 2023",U.S.
1385,2,Politecnico di Torino,t,,70,,"March 17, 2023",Italy
1386,2,Coventry University,t,,70,,"March 17, 2023",U.K.
1387,2,Glasgow Caledonian University,t,,70,,"March 17, 2023",U.K.
1388,2,Drexel University,t,,70,,"March 17, 2023",U.S.
1389,2,University of Derby,t,,70,,"March 17, 2023",U.K.
1390,2,Howard University,t,,70,,"March 17, 2023",U.S.
1391,2,Okumoto University,t,,70,,"March 17, 2023",Japan
1392,2,Indiana University Bloomington,t,,70,,"March 17, 2023",U.S.
1393,2,Middlesex University,t,,70,,"March 17, 2023",U.K.
1394,2,SUNY Binghamton University,t,,70,,"March 17, 2023",U.S.
1395,2,Paris-Saclay University,t,,70,,"March 17, 2023",France
1396,2,Hong Kong Academy for Performing Arts,t,,70,,"March 17, 2023",China Hong Kong
1397,2,University of Plymouth,t,,70,,"March 17, 2023",U.K.
1398,2,University of Georgia,t,,70,,"March 17, 2023",U.S.
1399,2,University of Kansas,t,,70,,"March 17, 2023",U.S.
1400,2,University of Utah,t,,70,,"March 17, 2023",U.S.
1401,2,University of Stirling,t,,70,,"March 17, 2023",U.K.
1402,2,"Birkbeck, University of London",t,,70,,"March 17, 2023",U.K.
1403,2,UC Merced,t,,70,,"March 17, 2023",U.S.
1404,2,george washington university,t,,70,,"March 17, 2023",U.S.
1405,2,Tulane University,t,,70,,"March 17, 2023",U.S.
1406,2,Clarkson University,t,,70,,"March 17, 2023",U.S.
1407,2,University of Essex,t,,70,,"March 17, 2023",U.K.
1408,2,Chinese University of Hong Kong,t,,70,,"March 17, 2023",China Hong Kong
1409,2,University of Kent,t,,70,,"March 17, 2023",U.K.
1410,2,University of Dayton,t,,70,,"March 17, 2023",U.S.
1411,2,baylor university,t,,70,,"March 17, 2023",U.S.
1412,2,New Jersey Institute of Technology,t,,71,,"March 17, 2023",U.S.
1413,2,University of Miami-Oxford,t,,72,,"March 17, 2023",U.S.
1414,2,Royal Swedish Institute of Technology,t,,73,,"March 17, 2023",Sweden
1415,2,Chu Hai College of Hong Kong,t,,74,,"March 17, 2023",China Hong Kong
1416,2,Wake Forest University,t,,75,,"March 17, 2023",U.S.
1417,2,State University of New York at Buffalo,t,,76,,"March 17, 2023",U.S.
1418,2,Marquette University,t,,77,,"March 17, 2023",U.S.
1419,2,Swansea University,t,,78,,"March 17, 2023",U.K.
1420,2,florida state university,t,,79,,"March 17, 2023",U.S.
1421,2,University of South Florida,t,,80,,"March 17, 2023",U.S.
1422,2,Colorado State University,t,,81,,"March 17, 2023",U.S.
1423,2,"SOAS, University of London",t,,82,,"March 17, 2023",U.K.
1424,2,Ruprecht-Karls-University of Heidelberg,t,,83,,"March 17, 2023",Germany
1425,2,Clemson University,t,,84,,"March 17, 2023",U.S.
1426,2,City University of Macau,t,,85,,"March 17, 2023",Macau
1427,2,University of Portsmouth,t,,86,,"March 17, 2023",U.K.
1428,2,Singapore University of Social Sciences,t,,87,,"March 17, 2023",Singapore
